content,sentiment,traffic_class,place,date,time
"Acme junction inward Agidingbi, Cadbury junction, Mobil junction, daily times down to Coca-cola junction is good to go.     ",Positive,free flow,Acme junction,2023-02-09,07:12:43
"Acme junction inward Agidingbi, Cadbury junction, Mobil junction, daily times down to Coca-cola junction is good to go.     ",Positive,free flow,Agidingbi,2023-02-09,07:12:43
"Acme junction inward Agidingbi, Cadbury junction, Mobil junction, daily times down to Coca-cola junction is good to go.     ",Positive,free flow,Cadbury junction,2023-02-09,07:12:43
"Acme junction inward Agidingbi, Cadbury junction, Mobil junction, daily times down to Coca-cola junction is good to go.     ",Positive,free flow,Mobil junction,2023-02-09,07:12:43
"Approaching Lekki conservation centre is busy towards Chevron, Igbo efon and Jakande due to morning rush.",Positive,heavy traffic,Lekki conservation,2023-02-09,07:18:48
"Approaching Lekki conservation centre is busy towards Chevron, Igbo efon and Jakande due to morning rush.",Positive,heavy traffic,Chevron,2023-02-09,07:18:48
Connecting Marwa from Ikate is good Marwa back to Ajah proper is good,Positive,free flow,Marwa,2023-02-09,07:18:49
Connecting Marwa from Ikate is good Marwa back to Ajah proper is good,Positive,free flow,Ikate,2023-02-09,07:18:49
Connecting Marwa from Ikate is good Marwa back to Ajah proper is good,Positive,free flow,Marwa,2023-02-09,07:18:49
Cele inward Cele/ijesha fly over bridge is busy but moving steadily due to construction work at the other side of Cele,Positive,heavy traffic,Cele inward,2023-02-09,07:29:07
Cele inward Cele/ijesha fly over bridge is busy but moving steadily due to construction work at the other side of Cele,Positive,heavy traffic,Cele/ijesha fly over bridge,2023-02-09,07:29:07
Movement from Cele inward Ago roundabout is busy due to alternation at the junction.,Positive,heavy traffic,Cele,2023-02-09,07:29:08
Movement from Cele inward Ago roundabout is busy due to alternation at the junction.,Positive,heavy traffic,Ago roundabout,2023-02-09,07:29:08
Vehicular  movement from Ago roundabout inward Apata enroute Transformer to Ilasa is also busy due to early morning rush.,Positive,heavy traffic,Ago roundabout,2023-02-09,07:29:08
Vehicular  movement from Ago roundabout inward Apata enroute Transformer to Ilasa is also busy due to early morning rush.,Positive,heavy traffic,Apata,2023-02-09,07:29:08
Movement from Ago roundabout inward pako/chemist is good,Positive,free flow,Ago roundabout,2023-02-09,07:29:08
"Vehicular movement from Oke-afa  enroute Pako, Kogberegbe, Ire akari junction, Ishaga, College inward Aye is busy  due to alternation at College/Aye junction  and early morning rush",Positive,heavy traffic,Oke-afa,2023-02-09,07:29:08
"Vehicular movement from Oke-afa  enroute Pako, Kogberegbe, Ire akari junction, Ishaga, College inward Aye is busy  due to alternation at College/Aye junction  and early morning rush",Positive,heavy traffic,Pako,2023-02-09,07:29:08
"Vehicular movement from Oke-afa  enroute Pako, Kogberegbe, Ire akari junction, Ishaga, College inward Aye is busy  due to alternation at College/Aye junction  and early morning rush",Positive,heavy traffic,Kogberegbe,2023-02-09,07:29:08
"Vehicular movement from Oke-afa  enroute Pako, Kogberegbe, Ire akari junction, Ishaga, College inward Aye is busy  due to alternation at College/Aye junction  and early morning rush",Positive,heavy traffic,Ishaga,2023-02-09,07:29:08
"Vehicular movement from Oke-afa  enroute Pako, Kogberegbe, Ire akari junction, Ishaga, College inward Aye is busy  due to alternation at College/Aye junction  and early morning rush",Positive,heavy traffic,College/Aye junction,2023-02-09,07:29:08
"Connecting Aye inward limca, Laspotech, Daleko is good to go",Positive,free flow,Aye,2023-02-09,07:29:09
"Vehicular movement from 5star inward Iyana isolo enroute Ilasa, Cele inward Ijesha is also good on  the main carriage way and the service lane",Positive,free flow,Iyana isolo,2023-02-09,07:29:09
"Vehicular movement from 5star inward Iyana isolo enroute Ilasa, Cele inward Ijesha is also good on  the main carriage way and the service lane",Positive,free flow,Ilasa,2023-02-09,07:29:09
Abule egba inward Charity is free Charity to Abattoir enroute Emmanuel is gtg,Positive,free flow,Abule egba,2023-02-09,07:52:10
Abule egba inward Charity is free Charity to Abattoir enroute Emmanuel is gtg,Positive,free flow,Charity,2023-02-09,07:52:10
Abule egba inward Charity is free Charity to Abattoir enroute Emmanuel is gtg,Positive,free flow,Abattoir,2023-02-09,07:52:10
Oke koto inward Sofunde down to agbotikuyo enroute Alagba  is good,Positive,free flow,Oke koto,2023-02-09,07:52:11
Oke koto inward Sofunde down to agbotikuyo enroute Alagba  is good,Positive,free flow,Sofunde,2023-02-09,07:52:11
return journey frm Alagba inw Oke koto is gd,Positive,free flow,Oke koto,2023-02-09,07:52:11
Sofunde inwd oke koto is slow,Negative,heavy traffic,Sofunde,2023-02-09,07:52:11
Sofunde inwd oke koto is slow,Negative,heavy traffic,oke koto,2023-02-09,07:52:11
Oke koto inward Oniwaya is good to go likewise the return journey back to Oke koto,Positive,free flow,Oke koto,2023-02-09,07:52:11
Oke koto inward Oniwaya is good to go likewise the return journey back to Oke koto,Positive,free flow,Oniwaya,2023-02-09,07:52:11
Oke koto inward Oniwaya is good to go likewise the return journey back to Oke koto,Positive,free flow,Oke koto,2023-02-09,07:52:11
Oke koto to Oba ogunji inward Odo eran is slow,Negative,heavy traffic,Oke koto,2023-02-09,07:52:11
Odo eran inward Marketing is good to go likewise return journey,Positive,free flow,Odo eran,2023-02-09,07:52:12
Marketing inward Stadium to Maternity inward Balogun Pencinema is good to go.,Positive,free flow,Marketing,2023-02-09,07:52:12
Marketing inward Stadium to Maternity inward Balogun Pencinema is good to go.,Positive,free flow,Stadium,2023-02-09,07:52:12
Marketing inward Stadium to Maternity inward Balogun Pencinema is good to go.,Positive,free flow,Maternity,2023-02-09,07:52:12
Marketing inward Stadium to Maternity inward Balogun Pencinema is good to go.,Positive,free flow,Balogun Pencinema,2023-02-09,07:52:12
Odo eran to Wemco inw Metal box is slow,Negative,heavy traffic,Odo eran,2023-02-09,07:52:12
Odo eran to Wemco inw Metal box is slow,Negative,heavy traffic,Wemco,2023-02-09,07:52:12
Marketing inward Akilo to Ascon junction inward Acme down to Fumec is good to go,Positive,free flow,Akilo,2023-02-09,07:52:13
Marketing inward Akilo to Ascon junction inward Acme down to Fumec is good to go,Positive,free flow,Ascon junction,2023-02-09,07:52:13
Return journey from Fumec to Metal box is good to go,Positive,free flow,Fumec,2023-02-09,07:52:13
Wemco junction down to Odo eran  Mobile Asade inw Akani Doherty is slow at the moment.,Negative,heavy traffic,Wemco junction,2023-02-09,07:52:13
Wemco junction down to Odo eran  Mobile Asade inw Akani Doherty is slow at the moment.,Negative,heavy traffic,Mobile Asade,2023-02-09,07:52:13
Wemco junction down to Odo eran  Mobile Asade inw Akani Doherty is slow at the moment.,Negative,heavy traffic,Akani Doherty,2023-02-09,07:52:13
Akani Doherty to Dangote U-turn is steady good likewise the return journey.,Positive,free flow,Akani Doherty,2023-02-09,07:52:13
Guinness junction inward Mangoro Asade is good,Positive,free flow,Guinness junction,2023-02-09,07:52:13
Vehicular movement from Dolphin inward Osbourne road is on the high side while manual control is in progress at foreshore intersection.,Positive,heavy traffic,Dolphin,2023-02-09,07:59:50
"Alfred Rewane stretch is  busy due to alternation at Bayo Kuku, Golden gate and NNPC intersections",Positive,heavy traffic,Alfred Rewane,2023-02-09,07:59:50
"Alfred Rewane stretch is  busy due to alternation at Bayo Kuku, Golden gate and NNPC intersections",Positive,heavy traffic,Bayo Kuku,2023-02-09,07:59:50
Awolowo road  Movement from Okotie Eboh inward Falomo roundabout is busy due to early morning rush.,Positive,heavy traffic,Okotie Eboh,2023-02-09,07:59:51
Awolowo road  Movement from Okotie Eboh inward Falomo roundabout is busy due to early morning rush.,Positive,heavy traffic,Falomo roundabout,2023-02-09,07:59:51
Obalende Ubridge is busy due to early morning rush coupled with commercial activities.  ,Positive,heavy traffic,Obalende Ubridge,2023-02-09,07:59:52
A broken down loaded Tanker on McWen bridge inward Bonny Camp with effect on traffic movement for now. ,Negative,breakdown,McWen bridge,2023-02-09,09:43:16
A broken down loaded Tanker on McWen bridge inward Bonny Camp with effect on traffic movement for now. ,Negative,breakdown,Bonny Camp,2023-02-09,09:43:16
A broken down Truck at Orile on the service lane inward Mile2 with no effect on traffic movement.,Negative,breakdown,Orile,2023-02-09,10:04:03
The earlier reported broken down loaded Tanker on McWen Bridge inw Bonny Camp has been moved off the road. ,Negative,breakdown,McWen Bridge,2023-02-09,10:06:34
The earlier reported broken down loaded Tanker on McWen Bridge inw Bonny Camp has been moved off the road. ,Negative,breakdown,Bonny Camp,2023-02-09,10:06:34
Busy movement from Otedola to Kara,Positive,heavy traffic,Otedola,2023-02-09,12:21:38
Busy movement from Otedola to Kara,Positive,heavy traffic,Kara,2023-02-09,12:21:38
Return journey from Kara back to Otedola is good.,Positive,free flow,Kara,2023-02-09,12:21:38
Return journey from Odoeran back to Omole is good aside alternation. ,Positive,free flow,Odoeran,2023-02-09,12:21:39
Slight delays approaching Hotel b/stop due to fuel queue at NNPC Filling station.,Negative,mild traffic,NNPC Filling station.,2023-02-09,12:21:39
"Ojota bridge inw China Town, Alapere, Ogudu, Ifako, Iyana Oworo all in good shape.",Positive,free flow,Ojota bridge,2023-02-09,14:07:38
"Ojota bridge inw China Town, Alapere, Ogudu, Ifako, Iyana Oworo all in good shape.",Positive,free flow,China Town,2023-02-09,14:07:38
"Ojota bridge inw China Town, Alapere, Ogudu, Ifako, Iyana Oworo all in good shape.",Positive,free flow,Alapere,2023-02-09,14:07:38
"Ojota bridge inw China Town, Alapere, Ogudu, Ifako, Iyana Oworo all in good shape.",Positive,free flow,Ogudu,2023-02-09,14:07:38
"Ojota bridge inw China Town, Alapere, Ogudu, Ifako, Iyana Oworo all in good shape.",Positive,free flow,Ifako,2023-02-09,14:07:38
"It is also good ascending 3MB through Adeniji,  Olowu, Simpson bridge, Obalende bridge inw Onikan bridge down to CMS bridge is good.",Positive,free flow,Adeniji,2023-02-09,14:07:39
"It is also good ascending 3MB through Adeniji,  Olowu, Simpson bridge, Obalende bridge inw Onikan bridge down to CMS bridge is good.",Positive,free flow,Simpson bridge,2023-02-09,14:07:39
"It is also good ascending 3MB through Adeniji,  Olowu, Simpson bridge, Obalende bridge inw Onikan bridge down to CMS bridge is good.",Positive,free flow,Obalende bridge,2023-02-09,14:07:39
The return journey is encouraging but slow approaching Ogudu down to NNPC due to fuel queue,Negative,heavy traffic,Ogudu,2023-02-09,14:07:39
The return journey is encouraging but slow approaching Ogudu down to NNPC due to fuel queue,Negative,heavy traffic,NNPC,2023-02-09,14:07:39
Good movement immediately after Toll gate turning inw Otedola Bridge enroute New Garage.,Positive,free flow,New Garage.,2023-02-09,14:07:40
The stretch of Osolo Way from Aiye to Mechanic village link bridge is good.,Positive,free flow,Osolo Way,2023-02-09,14:46:38
DHL to 5 star enroute Aswani Road by Emzor to connect Osolo Way by Aswani junction is good.,Positive,free flow,DHL,2023-02-09,14:46:40
DHL to 5 star enroute Aswani Road by Emzor to connect Osolo Way by Aswani junction is good.,Positive,free flow,Osolo Way,2023-02-09,14:46:40
DHL to 5 star enroute Aswani Road by Emzor to connect Osolo Way by Aswani junction is good.,Positive,free flow,Aswani junction,2023-02-09,14:46:40
Robinson Gbagi down to Ajibade Babatola is slow down to navigate Canoe proper.,Negative,heavy traffic,Robinson Gbagi,2023-02-09,14:46:41
High influx and busy from PWD inward Airport turning towards Airport bus stop.,Positive,heavy traffic,PWD,2023-02-09,15:35:00
"Meanwhile movement from Airport bus stop inward National, Ikeja Along towards Ajayi Farm is also busy.",Positive,heavy traffic,Airport,2023-02-09,15:35:00
"Meanwhile movement from Airport bus stop inward National, Ikeja Along towards Ajayi Farm is also busy.",Positive,heavy traffic,National,2023-02-09,15:35:00
"Meanwhile movement from Airport bus stop inward National, Ikeja Along towards Ajayi Farm is also busy.",Positive,heavy traffic,Ikeja,2023-02-09,15:35:00
Ajayi Farm inward Ile Zik enroute Mangoro and Cement is good towards Dopemu under bridge.,Positive,free flow,Ajayi Farm,2023-02-09,15:35:00
Ajayi Farm inward Ile Zik enroute Mangoro and Cement is good towards Dopemu under bridge.,Positive,free flow,Ile Zik,2023-02-09,15:35:00
"Good movement from NITEL inward Total for now, return journey from Total to Abattoir is good.",Positive,free flow,NITEL,2023-02-09,15:44:51
Total inward Okekoto is good,Positive,free flow,Total,2023-02-09,15:44:52
The return journey from Okekoto inward Total is also good.,Positive,free flow,Okekoto,2023-02-09,15:44:52
Okekoto inward Shofunde is good likewise the return journey. Okekoto inward and outward Oniwaya is good.,Positive,free flow,Okekoto,2023-02-09,15:44:52
Okekoto inward Shofunde is good likewise the return journey. Okekoto inward and outward Oniwaya is good.,Positive,free flow,Shofunde,2023-02-09,15:44:52
Dopemu inward Oniwaya is good. Capitol Road connecting National Mangoro Ashade is good.,Positive,free flow,Dopemu,2023-02-09,15:44:53
Dopemu inward Oniwaya is good. Capitol Road connecting National Mangoro Ashade is good.,Positive,free flow,Capitol Road,2023-02-09,15:44:53
Akanni Doherthy Road connecting Guinness is good; the return journey is also good.,Positive,free flow,Akanni Doherthy Road,2023-02-09,15:44:53
Mobil Ashade inward Akilo Road connecting Marketing is good. ,Positive,free flow,Mobil Ashade,2023-02-09,15:44:55
The return journey from Oba Ogunji inward Odo Eran is also good. ,Positive,free flow,Oba Ogunji,2023-02-09,15:46:22
The return journey from Oba Ogunji inward Odo Eran is also good. ,Positive,free flow,Odo Eran,2023-02-09,15:46:22
Vehicular movement from Idiroko through the service lane inw Maryland intersection is busy due to traffic light delay. ,Positive,heavy traffic,Idiroko,2023-02-09,16:34:29
Slow movement approaching Omole Gate due to high influx in and out Omole Estate.,Negative,heavy traffic,Omole Estate.,2023-02-10,06:59:05
"A truck has broken down with spring related problem at Kola, inwards Alakuko.",Negative,breakdown,Kola,2023-02-10,07:24:50
Obalende Ubridge is busy due to early morning rush coupled with commercial activities,Positive,heavy traffic,Obalende Ubridge,2023-02-09,07:59:52
A broken down loaded Tanker on McWen bridge inward Bonny Camp with effect on traffic movement for now.,Negative,breakdown,McWen bridge,2023-02-09,09:43:16
A broken down loaded Tanker on McWen bridge inward Bonny Camp with effect on traffic movement for now.,Negative,breakdown,Bonny Camp,2023-02-09,09:43:16
A broken down Truck at Orile on the service lane inward Mile2 with no effect on traffic movement. ,Negative,breakdown,Orile,2023-02-09,10:04:03
The earlier reported broken down loaded Tanker on McWen Bridge inw Bonny Camp has been moved off the road.,Negative,breakdown,McWen Bridge,2023-02-09,10:06:34
The earlier reported broken down loaded Tanker on McWen Bridge inw Bonny Camp has been moved off the road.,Negative,breakdown,Bonny Camp,2023-02-09,10:06:34
Return journey from Odoeran back to Omole is good aside alternation.,Positive,free flow,Odoeran,2023-02-09,12:21:39
Slight delays approaching Hotel b/stop due to fuel queue at NNPC Filling station.,Negative,mild traffic,NNPC Filling station.,2023-02-09,12:21:39
"It is also good ascending 3MB through Adeniji,  Olowu, Simpson bridge, Obalende bridge inw Onikan bridge down to CMS bridge is good.",Positive,free flow,Adeniji,2023-02-09,14:07:39
"It is also good ascending 3MB through Adeniji,  Olowu, Simpson bridge, Obalende bridge inw Onikan bridge down to CMS bridge is good.",Positive,free flow,Simpson bridge,2023-02-09,14:07:39
"It is also good ascending 3MB through Adeniji,  Olowu, Simpson bridge, Obalende bridge inw Onikan bridge down to CMS bridge is good.",Positive,free flow,Obalende bridge,2023-02-09,14:07:39
The stretch of Osolo Way from Aiye to Mechanic village link bridge is good.,Positive,free flow,Osolo Way,2023-02-09,14:46:38
Seriki Abass to Asa Afariogun intersection where alternations is on is good.,Positive,free flow,Seriki Abass,2023-02-09,14:46:38
Robinson Gbagi down to Ajibade Babatola is slow down to navigate Canoe proper.,Negative,heavy traffic,Robinson Gbagi,2023-02-09,14:46:41
Mubostic inward Canoe to Chivita to link Lukman Atobajeun down to Swimming pool junction is slow.,Negative,heavy traffic,Mubostic,2023-02-09,14:46:41
Mubostic inward Canoe to Chivita to link Lukman Atobajeun down to Swimming pool junction is slow.,Negative,heavy traffic,Canoe,2023-02-09,14:46:41
Mubostic inward Canoe to Chivita to link Lukman Atobajeun down to Swimming pool junction is slow.,Negative,heavy traffic,Chivita,2023-02-09,14:46:41
"Meanwhile movement from Airport bus stop inward National, Ikeja Along towards Ajayi Farm is also busy.",Positive,heavy traffic,Airport,2023-02-09,14:46:41
"Meanwhile movement from Airport bus stop inward National, Ikeja Along towards Ajayi Farm is also busy.",Positive,heavy traffic,National,2023-02-09,14:46:41
"Meanwhile movement from Airport bus stop inward National, Ikeja Along towards Ajayi Farm is also busy.",Positive,heavy traffic,Ikeja,2023-02-09,14:46:41
Ajayi Farm inward Ile Zik enroute Mangoro and Cement is good towards Dopemu under bridge.,Positive,free flow,Ajayi Farm,2023-02-09,15:35:00
Ajayi Farm inward Ile Zik enroute Mangoro and Cement is good towards Dopemu under bridge.,Positive,free flow,Ile Zik,2023-02-09,15:35:00
"Good movement from NITEL inward Total for now, return journey from Total to Abattoir is good.",Positive,free flow,NITEL,2023-02-09,15:44:51
Movement inw Ishaga r'abt from Fagba intersection is good to Balogun bstop,Positive,free flow,Ishaga,2023-02-09,17:32:06
Movement inw Ishaga r'abt from Fagba intersection is good to Balogun bstop,Positive,free flow,Fagba intersection,2023-02-09,17:32:06
Busy movement from Otedola inward Kara due to road demarcation at Kara- Opic corridor by Julius berger constructions.,Negative,heavy traffic,Otedola,2023-02-09,17:37:35
Busy movement from Otedola inward Kara due to road demarcation at Kara- Opic corridor by Julius berger constructions.,Negative,heavy traffic,Kara,2023-02-09,17:37:35
Busy movement from Otedola inward Kara due to road demarcation at Kara- Opic corridor by Julius berger constructions.,Negative,heavy traffic,Kara- Opic,2023-02-09,17:37:35
DHL to 5 star enroute Aswani Road by Emzor to connect Osolo Way by Aswani junction is good.,Positive,free flow,DHL,2023-02-09,14:46:40
DHL to 5 star enroute Aswani Road by Emzor to connect Osolo Way by Aswani junction is good.,Positive,free flow,Osolo Way,2023-02-09,14:46:40
DHL to 5 star enroute Aswani Road by Emzor to connect Osolo Way by Aswani junction is good.,Positive,free flow,Aswani junction,2023-02-09,14:46:40
Robinson Gbagi down to Ajibade Babatola is slow down to navigate Canoe proper.,Negative,heavy traffic,Robinson Gbagi,2023-02-09,14:46:41
Mobil Ashade inward Akilo Road connecting Marketing is good.,Positive,free flow,Mobil Ashade,2023-02-09,15:44:55
Vehicular movement from Iyana School to Kosofe down to Mile 12 is good. ,Positive,free flow,Iyana School,2023-02-09,16:38:03
Vehicular movement from Iyana School to Kosofe down to Mile 12 is good. ,Positive,free flow,Kosofe,2023-02-09,16:38:03
Moving inward Omole gate is slightly slow. Approaching Omole junction is slow due to alternation. ,Negative,heavy traffic,Omole gate,2023-02-09,17:37:36
Area G inward Ogba proper is slow due to bstop activities and influx into Thomas Salako. ,Negative,heavy traffic,Area G,2023-02-09,17:37:37
Grammar School inward VIS is a slow moving traffic due to massive turning at VIS coupled with fuel queue at NNPC.,Negative,heavy traffic,Grammar School,2023-02-09,17:38:05
Grammar School inward VIS is a slow moving traffic due to massive turning at VIS coupled with fuel queue at NNPC.,Negative,heavy traffic,VIS,2023-02-09,17:38:05
Grammar School inward VIS is a slow moving traffic due to massive turning at VIS coupled with fuel queue at NNPC.,Negative,heavy traffic,NNPC,2023-02-09,17:38:05
Movement inward Ikeja Along and Ajayi Farm is also very busy due to commercial buses activities coupled with the narrowed path at Ajayi Farm.,Positive,heavy traffic,Ikeja,2023-02-09,18:06:49
Movement inward Ikeja Along and Ajayi Farm is also very busy due to commercial buses activities coupled with the narrowed path at Ajayi Farm.,Positive,heavy traffic,Ajayi Farm.,2023-02-09,18:06:49
Movement inward Pako/Chemist is also busy due to evening rush.,Negative,heavy traffic,Pako/Chemist,2023-02-09,18:09:45
"Vehicular movement from Oke Afa, Pako, Kogberegbe, Ishaga, College, Aye, Limca inward Laspotech down to Daleko is busy for now due to evening rush.",Negative,heavy traffic,Oke Afa,2023-02-09,18:09:45
"Vehicular movement from Oke Afa, Pako, Kogberegbe, Ishaga, College, Aye, Limca inward Laspotech down to Daleko is busy for now due to evening rush.",Negative,heavy traffic,Pako,2023-02-09,18:09:45
"Vehicular movement from Oke Afa, Pako, Kogberegbe, Ishaga, College, Aye, Limca inward Laspotech down to Daleko is busy for now due to evening rush.",Negative,heavy traffic,Kogberegbe,2023-02-09,18:09:45
"Vehicular movement from Oke Afa, Pako, Kogberegbe, Ishaga, College, Aye, Limca inward Laspotech down to Daleko is busy for now due to evening rush.",Negative,heavy traffic,Ishaga,2023-02-09,18:09:45
"A truck has broken down with spring related problem at Kola, inwards Alakuko.",Negative,breakdown,Kola,2023-02-10,07:24:50
Report of a lone accident involving a Toyota Hilux at obalende bridge inward ilubirin with no casualty involved.,Neutral,accident,obalende bridge,2023-02-10,08:36:05
Movement from sabo roundabout to connect Itamaga both inward and outward are good to go.,Positive,free flow,sabo roundabout,2023-02-10,08:08:40
Report of a lone accident involving a Toyota Hilux at obalende bridge inward ilubirin with no casualty involved. ,Neutral,accident,obalende bridge,2023-02-10,08:36:05
Slow movement descending Third Mainland Bridge toward Flag Staff House now due,Negative,heavy traffic,Third Mainland Bridge,2023-02-10,08:36:05
"Odunlami, Igbosere, TBS avenue and other linking roads to connect desire destination are still good to go as reported earlier.",Positive,free flow,Odunlami,2023-02-10,08:45:22
"Odunlami, Igbosere, TBS avenue and other linking roads to connect desire destination are still good to go as reported earlier.",Positive,free flow,Igbosere,2023-02-10,08:45:22
"Command Ekoro is good. Agbelekale is good. Ile-iwe, Command, Ikanla Oju odo, Adefemi, Church is good",Positive,free flow,Command Ekoro,2023-02-10,14:20:53
"Command Ekoro is good. Agbelekale is good. Ile-iwe, Command, Ikanla Oju odo, Adefemi, Church is good",Positive,free flow,Ile-iwe,2023-02-10,14:20:53
"Command Ekoro is good. Agbelekale is good. Ile-iwe, Command, Ikanla Oju odo, Adefemi, Church is good",Positive,free flow,Ikanla Oju odo,2023-02-10,14:20:53
Movement from Aye inward Aswani market junction is good both inward and outward.,Positive,free flow,Aye,2023-02-10,15:45:05
Connecting Jesus House is a good movement aside traffic lights alternation.,Positive,free flow,Jesus House,2023-02-10,15:45:08
From Randuk to Jakande Gate is moving slowly due to high influx.,Positive,heavy traffic,Randuk,2023-02-10,16:22:03
Alagba approaching Iyana ipaja round about is slow.,Negative,heavy traffic,Alagba,2023-02-10,16:27:35
Moshalasi approaching Egbeda intersection and moving towards Isheri round about is slow.,Negative,heavy traffic,Moshalasi,2023-02-10,16:27:37
Moshalasi approaching Egbeda intersection and moving towards Isheri round about is slow.,Negative,heavy traffic,Isheri round about,2023-02-10,16:27:37
"Movement within the entire stretch of Obafemi Awolowo Way, Billings Way, Kudirat Abiola Way, Opebi Road, Ikosi Road, Aromire Road, Toyin Street, Sheraton Link and Opebi-Welfare Link Bridges is good.",Positive,free flow,Billings Way,2023-02-10,16:50:49
"Movement within the entire stretch of Obafemi Awolowo Way, Billings Way, Kudirat Abiola Way, Opebi Road, Ikosi Road, Aromire Road, Toyin Street, Sheraton Link and Opebi-Welfare Link Bridges is good.",Positive,free flow,Kudirat Abiola Way,2023-02-10,16:50:49
"Movement within the entire stretch of Obafemi Awolowo Way, Billings Way, Kudirat Abiola Way, Opebi Road, Ikosi Road, Aromire Road, Toyin Street, Sheraton Link and Opebi-Welfare Link Bridges is good.",Positive,free flow,Opebi Road,2023-02-10,16:50:49
"Movement within the entire stretch of Obafemi Awolowo Way, Billings Way, Kudirat Abiola Way, Opebi Road, Ikosi Road, Aromire Road, Toyin Street, Sheraton Link and Opebi-Welfare Link Bridges is good.",Positive,free flow,Ikosi Road,2023-02-10,16:50:49
"Movement within the entire stretch of Obafemi Awolowo Way, Billings Way, Kudirat Abiola Way, Opebi Road, Ikosi Road, Aromire Road, Toyin Street, Sheraton Link and Opebi-Welfare Link Bridges is good.",Positive,free flow,Sheraton Link,2023-02-10,16:50:49
"Movement within the entire stretch of Obafemi Awolowo Way, Billings Way, Kudirat Abiola Way, Opebi Road, Ikosi Road, Aromire Road, Toyin Street, Sheraton Link and Opebi-Welfare Link Bridges is good.",Positive,free flow,Opebi-Welfare Link Bridges,2023-02-10,16:50:49
Jesus house to Eleganza enroute Canoe to NNPC road is busy ,Positive,heavy traffic,Jesus house,2023-02-10,17:34:38
Jesus house to Eleganza enroute Canoe to NNPC road is busy ,Positive,heavy traffic,Canoe,2023-02-10,17:34:38
"Vehicular movement from 7&amp;8 inward Osolo-way to Asa-afariogun intersection inward Aswani is slow due to alternation at Afariogun intersection,",Positive,heavy traffic,Osolo-way,2023-02-10,17:34:38
"Vehicular movement from 7&amp;8 inward Osolo-way to Asa-afariogun intersection inward Aswani is slow due to alternation at Afariogun intersection,",Positive,heavy traffic,Asa-afariogun,2023-02-10,17:34:38
"Vehicular movement from 7&amp;8 inward Osolo-way to Asa-afariogun intersection inward Aswani is slow due to alternation at Afariogun intersection,",Positive,heavy traffic,Aswani,2023-02-10,17:34:38
"Vehicular movement from 7&amp;8 inward Osolo-way to Asa-afariogun intersection inward Aswani is slow due to alternation at Afariogun intersection,",Positive,heavy traffic,Afariogun intersection,2023-02-10,17:34:38
Approaching Allen intersection from Balogun is also busy due to backlog from Allen intersection.,Positive,heavy traffic,Allen intersection.,2023-02-10,17:45:42
"Movement from Allen inward Aromire, Akora villa, Hacco on Adeniyi Jones is busy",Positive,heavy traffic,Allen,2023-02-10,17:45:42
First gate and Wemco junction is busy at the moment,Negative,heavy traffic,Wemco junction,2023-02-10,17:45:44
Still busy but moving steadily from Catholic Church connecting Charity,Positive,heavy traffic,Catholic Church,2023-02-10,19:46:04
"Jungle to Fagba bstop is free, Fagba bus stop to Fagba intersection is busy",Positive,heavy traffic,Jungle,2023-02-10,20:43:13
"Jungle to Fagba bstop is free, Fagba bus stop to Fagba intersection is busy",Positive,heavy traffic,Fagba,2023-02-10,20:43:13
"Jungle to Fagba bstop is free, Fagba bus stop to Fagba intersection is busy",Positive,heavy traffic,Fagba bus stop,2023-02-10,20:43:13
"Jungle to Fagba bstop is free, Fagba bus stop to Fagba intersection is busy",Positive,heavy traffic,Fagba intersection,2023-02-10,20:43:13
A broken down flat body truck loaded with iron rod at Jakande inward Lekki occupying 80% of the road thereby hindering the flow of traffic but effort is on for its evacuation,Negative,breakdown,Jakande,2023-02-11,06:30:05
Another broken down loaded truck with papers at Kola inw Toll gate as well having spring related issue,Negative,breakdown,Another,2023-02-11,06:05:20
Another broken down loaded truck with papers at Kola inw Toll gate as well having spring related issue,Negative,breakdown,Kola,2023-02-11,06:05:20
A broken down loaded 6 tyres truck at Kola inw Toll Gate.,Negative,breakdown,Kola,2023-02-11,05:58:38
"Isheri roundabout inward  Egbeda to moshalasi Roundabout and the return journey is very gtg,",Positive,free flow,Isheri roundabout,2023-02-11,06:41:06
Alagba and Express is gtg.  Inward Moshalasi from there is fast moving traffic,Positive,free flow,Alagba,2023-02-11,06:41:06
An overnight broken down loaded flat body trailer with iron at Jakande roundabout inward Chisco with mechanical problem occupying about 70 percent of the road,Negative,breakdown,Jakande roundabout,2023-02-11,06:53:26
Iyana-oworo inward Olopomeji and Gbagada Express Way is good to go. Charly Boy inward Gbagada to Car Wash and Oworoshoki is good to go.,Positive,free flow,Iyana-oworo,2023-02-11,06:58:40
Iyana-oworo inward Olopomeji and Gbagada Express Way is good to go. Charly Boy inward Gbagada to Car Wash and Oworoshoki is good to go.,Positive,free flow,Olopomeji,2023-02-11,06:58:40
Iyana-oworo inward Olopomeji and Gbagada Express Way is good to go. Charly Boy inward Gbagada to Car Wash and Oworoshoki is good to go.,Positive,free flow,Gbagada Express Way,2023-02-11,06:58:40
Iyana-oworo inward Olopomeji and Gbagada Express Way is good to go. Charly Boy inward Gbagada to Car Wash and Oworoshoki is good to go.,Positive,free flow,Charly Boy,2023-02-11,06:58:40
Iyana-oworo inward Olopomeji and Gbagada Express Way is good to go. Charly Boy inward Gbagada to Car Wash and Oworoshoki is good to go.,Positive,free flow,Gbagada,2023-02-11,06:58:40
Pako inward Unilag Gate is Appreciable and good to go towards Abule Oja,Positive,free flow,Pako,2023-02-11,06:58:41
Traffic inward and outward of third mainland bridge is very free. Iyana Oworo towards Ogudu and Alapere is also a rapid flow,Positive,free flow,third mainland bridge,2023-02-11,15:04:35
Traffic inward and outward of third mainland bridge is very free. Iyana Oworo towards Ogudu and Alapere is also a rapid flow,Positive,free flow,Iyana Oworo,2023-02-11,15:04:35
Traffic inward and outward of third mainland bridge is very free. Iyana Oworo towards Ogudu and Alapere is also a rapid flow,Positive,free flow,Ogudu,2023-02-11,15:04:35
Command/Ekoro and its adjoining corridor is having a steady movement but Ekoro is good to go inward Agbelekale is good.,Positive,free flow,Command/Ekoro,2023-02-11,15:28:50
Command/Ekoro and its adjoining corridor is having a steady movement but Ekoro is good to go inward Agbelekale is good.,Positive,free flow,Ekoro,2023-02-11,15:28:50
"A car has broken down with rear tyre problem, just in front of Stanbic bank, inwards Shasha.",Negative,breakdown,Stanbic bank,2023-02-11,19:21:53
"Cement inward Dopemu underneath the bridge to Pako, Goye, iyana Ipaja is good",Positive,free flow,Cement,2023-02-11,19:57:47
"Cement inward Dopemu underneath the bridge to Pako, Goye, iyana Ipaja is good",Positive,free flow,Pako,2023-02-11,19:57:47
"Return journey from Egbeda to connect Lagos Abeokuta express way is good also, like ise Swipha, Agbotikuyo, Oniwaya axis.",Positive,free flow,Lagos Abeokuta,2023-02-11,19:58:28
In and out of Lagos Ibadan expressway from Otedola to Kara and the return journey from Kara back to Otedola is good,Positive,free flow,Lagos Ibadan,2023-02-12,06:28:14
In and out of Lagos Ibadan expressway from Otedola to Kara and the return journey from Kara back to Otedola is good,Positive,free flow,Otedola,2023-02-12,06:28:14
In and out of Lagos Ibadan expressway from Otedola to Kara and the return journey from Kara back to Otedola is good,Positive,free flow,Kara,2023-02-12,06:28:14
In and out of Lagos Ibadan expressway from Otedola to Kara and the return journey from Kara back to Otedola is good,Positive,free flow,Kara,2023-02-12,06:28:14
"Omole inward Ogba, Odoeran is also good aside alternation",Positive,free flow,Omole,2023-02-12,06:28:14
"Omole inward Ogba, Odoeran is also good aside alternation",Positive,free flow,Ogba,2023-02-12,06:28:14
Return journey from Odoeran back to River Valley is good aside alternation. ,Positive,free flow,Odoeran,2023-02-12,06:28:14
Return journey from Odoeran back to River Valley is good aside alternation. ,Positive,free flow,River Valley,2023-02-12,06:28:14
Pako to Unilag Gate and Abule Oja is good. Same applies to the return journey.,Positive,free flow,Pako,2023-02-12,08:08:31
Traffic in and out of Awolowo Way is gd; Traffic in and out of Aromire is gd; Traffic in and out of Allen Avenue is gd; Traffic in and out of Opebi is gd; Traffic in and out of Kudirat Abiola is gd.,Positive,free flow,Awolowo Way,2023-02-12,09:30:23
Traffic in and out of Awolowo Way is gd; Traffic in and out of Aromire is gd; Traffic in and out of Allen Avenue is gd; Traffic in and out of Opebi is gd; Traffic in and out of Kudirat Abiola is gd.,Positive,free flow,Aromire,2023-02-12,09:30:23
Traffic in and out of Awolowo Way is gd; Traffic in and out of Aromire is gd; Traffic in and out of Allen Avenue is gd; Traffic in and out of Opebi is gd; Traffic in and out of Kudirat Abiola is gd.,Positive,free flow,Allen Avenue,2023-02-12,09:30:23
Traffic in and out of Awolowo Way is gd; Traffic in and out of Aromire is gd; Traffic in and out of Allen Avenue is gd; Traffic in and out of Opebi is gd; Traffic in and out of Kudirat Abiola is gd.,Positive,free flow,Opebi,2023-02-12,09:30:23
Traffic in and out of Awolowo Way is gd; Traffic in and out of Aromire is gd; Traffic in and out of Allen Avenue is gd; Traffic in and out of Opebi is gd; Traffic in and out of Kudirat Abiola is gd.,Positive,free flow,Kudirat Abiola,2023-02-12,09:30:23
Traffic in and out of Toyin Street is gd; Traffic in and out of Opebi link Rd is gd,Positive,free flow,Toyin Street,2023-02-12,09:30:27
Traffic in and out of Toyin Street is gd; Traffic in and out of Opebi link Rd is gd,Positive,free flow,Opebi link Rd,2023-02-12,09:30:27
"Vehicular movement on oba Ogunnusi is good aside alternation delay at VIS and Omole. Excellence,Ogba,Odo eran is also good.    ",Positive,free flow,VIS,2023-02-12,09:34:21
"Vehicular movement on oba Ogunnusi is good aside alternation delay at VIS and Omole. Excellence,Ogba,Odo eran is also good.    ",Positive,free flow,Excellence,2023-02-12,09:34:21
"Vehicular movement on oba Ogunnusi is good aside alternation delay at VIS and Omole. Excellence,Ogba,Odo eran is also good.    ",Positive,free flow,Ogba,2023-02-12,09:34:21
The NNPC intersection is accommodating and Mubostic Junction to Canoe area is good,Positive,free flow,Mubostic Junction,2023-02-13,05:17:44
Traffic from Iyana Dopemu inward Cement is good to go.,Positive,free flow,Iyana Dopemu,2023-02-13,05:28:22
Jonathan Coker road is also a slow moving traffic inward Fagba,Negative,heavy traffic,Jonathan Coker road,2023-02-13,05:54:14
Traffic is slow after Alapere towards Ogudu down to Iyana Oworo.,Negative,heavy traffic,Alapere,2023-02-13,06:39:05
Traffic is slow after Alapere towards Ogudu down to Iyana Oworo.,Negative,heavy traffic,Ogudu,2023-02-13,06:39:05
Slow and steady movement on third mainland bridge inward Adeniji down to simpson under bridge,Positive,heavy traffic,third mainland bridge,2023-02-13,08:16:14
Obalende  bridge inward Onikan bridge to connect CMS down to uba is good to go.,Positive,free flow,Obalende,2023-02-13,08:16:15
Slow movement from Ikotun intersection inward Oju-Odo due to commercial activities.,Positive,heavy traffic,Ikotun intersection,2023-02-13,13:19:30
NNPC inward Gate down to Pako is good. Return journey from Pako down to Synagogue is good. ,Positive,free flow,NNPC,2023-02-13,13:19:31
NNPC inward Gate down to Pako is good. Return journey from Pako down to Synagogue is good. ,Positive,free flow,Gate,2023-02-13,13:19:31
A lone accident of a Trailer with a brake failure which rammed into a gutter at Asa-afariogun intersection.,Positive,accident,Asa-afariogun,2023-02-13,17:02:35
Benson inward Ikorordu Roundabout connecting Ojubode and Ladega is busy,Positive,heavy traffic,Benson,2023-02-13,17:07:24
Benson inward Ikorordu Roundabout connecting Ojubode and Ladega is busy,Positive,heavy traffic,Ikorordu Roundabout,2023-02-13,17:07:24
"Busy movement from Marwa towards Ikate, Chisco,",Positive,heavy traffic,Marwa,2023-02-13,17:11:50
"Busy movement from Marwa towards Ikate, Chisco,",Positive,heavy traffic,Ikate,2023-02-13,17:11:50
Adekunle Inw Panti is slow due to traffic light alternation coupled with high influx,Positive,heavy traffic,Adekunle Inw Panti,2023-02-13,18:41:05
"University junction, Yabatech, WAEC is all looking good",Positive,free flow,University junction,2023-02-13,18:41:06
"University junction, Yabatech, WAEC is all looking good",Positive,free flow,Yabatech,2023-02-13,18:41:06
"Capitol road connecting National, Mangoro Ashade is good, same as the return journey",Positive,free flow,Capitol road,2023-02-13,19:03:14
"Capitol road connecting National, Mangoro Ashade is good, same as the return journey",Positive,free flow,National,2023-02-13,19:03:14
"Odo Eran inward Chemiron junction, Metal box road connecting Acme is good",Positive,free flow,Odo Eran,2023-02-13,19:03:17
"Odo Eran inward Chemiron junction, Metal box road connecting Acme is good",Positive,free flow,Chemiron junction,2023-02-13,19:03:17
Good movement on College road in and out Pen cinema Ubridge to Fagba intersection is good in and out,Positive,free flow,College road,2023-02-13,20:45:18
Good  movement along  Marina road from UBA toward Cathedral at this hour,Positive,free flow,UBA,2023-02-14,05:56:13
Broad Street link Apongbon towards olowogbowo is very good,Positive,free flow,Broad Street link Apongbon,2023-02-14,05:58:37
Movement from Otto Wharf inward  UBA is good to go,Positive,free flow,Otto Wharf,2023-02-14,11:09:51
Fagba towards Agege is good,Positive,free flow,Fagba,2023-02-14,14:28:54
Fagba towards Agege is good,Positive,free flow,Agege,2023-02-14,14:28:54
Traffic moves slowly from Iyana Oworo down to Ogudu and also to Alapere filling station due to fuel queue,Negative,heavy traffic,Iyana Oworo,2023-02-14,16:19:18
From Sabo Roundabout to Onimalu enroute Alaka down to Itamaga Intersection is good to go likewise the return journey. ,Positive,free flow,Sabo Roundabout,2023-02-14,17:05:10
From Sabo Roundabout to Onimalu enroute Alaka down to Itamaga Intersection is good to go likewise the return journey. ,Positive,free flow,Onimalu,2023-02-14,17:05:10
From Sabo Roundabout to Onimalu enroute Alaka down to Itamaga Intersection is good to go likewise the return journey. ,Positive,free flow,Alaka,2023-02-14,17:05:10
Traffic is busy now at kudirat abiola way from Ojota to welfare and Ikosi junction. ,Positive,heavy traffic,kudirat abiola way,2023-02-14,17:08:25
Traffic is busy now at kudirat abiola way from Ojota to welfare and Ikosi junction. ,Positive,heavy traffic,Ojota,2023-02-14,17:08:25
Traffic is busy now at kudirat abiola way from Ojota to welfare and Ikosi junction. ,Positive,heavy traffic,welfare,2023-02-14,17:08:25
"A loaded truck has broken down with mechanical fault on Iyanaipaja-Ayobo road, after Kokumo bus stop, inward Moshalasi r/bout",Negative,breakdown,Iyanaipaja-Ayobo road,2023-02-14,19:13:17
An accident involving a container laden truck and a Tanker has occurred on the Alaka bridge inw Eko bridge,Negative,accident,Alaka bridge,2023-02-15,06:05:13
"A truck has broken down at Eleko jnctn inw Epe, taking up a lane.",Negative,breakdown,Eleko jnctn,2023-02-15,06:35:16
"A truck has broken down at Eleko jnctn inw Epe, taking up a lane.",Negative,breakdown,Epe,2023-02-15,06:35:16
"Traffic is gd from Sango inw Ajegunle, Alakuko, Moshalashi, Kola, Casso, Adura, Salolo, Meiran, Ijaiye, Obadeyi thru Ahmadiya and Abule Egba via the bridge and under the bridge.",Positive,free flow,Sango,2023-02-15,06:46:46
"Traffic is gd from Sango inw Ajegunle, Alakuko, Moshalashi, Kola, Casso, Adura, Salolo, Meiran, Ijaiye, Obadeyi thru Ahmadiya and Abule Egba via the bridge and under the bridge.",Positive,free flow,Ajegunle,2023-02-15,06:46:46
"Traffic is gd from Sango inw Ajegunle, Alakuko, Moshalashi, Kola, Casso, Adura, Salolo, Meiran, Ijaiye, Obadeyi thru Ahmadiya and Abule Egba via the bridge and under the bridge.",Positive,free flow,Alakuko,2023-02-15,06:46:46
"Traffic is gd from Sango inw Ajegunle, Alakuko, Moshalashi, Kola, Casso, Adura, Salolo, Meiran, Ijaiye, Obadeyi thru Ahmadiya and Abule Egba via the bridge and under the bridge.",Positive,free flow,"Moshalashi,",2023-02-15,06:46:46
"Traffic is gd from Sango inw Ajegunle, Alakuko, Moshalashi, Kola, Casso, Adura, Salolo, Meiran, Ijaiye, Obadeyi thru Ahmadiya and Abule Egba via the bridge and under the bridge.",Positive,free flow,Kola,2023-02-15,06:46:46
"Traffic is gd from Sango inw Ajegunle, Alakuko, Moshalashi, Kola, Casso, Adura, Salolo, Meiran, Ijaiye, Obadeyi thru Ahmadiya and Abule Egba via the bridge and under the bridge.",Positive,free flow,"Casso,",2023-02-15,06:46:46
"Traffic is still gd inw Katangua, Super, Ile-Epo, Pleasure, Danco and Iyana Ipaja.",Positive,free flow,Katangua,2023-02-15,06:46:48
"Traffic is still gd inw Katangua, Super, Ile-Epo, Pleasure, Danco and Iyana Ipaja.",Positive,free flow,Ile-Epo,2023-02-15,06:46:48
"Moving on thru Araromi, Adealu, Paki and Iyana Dopemu inw Dopemu, Cement, Mangoro, Ile Zik and Ikeja Along is gd.",Positive,free flow,Araromi,2023-02-15,06:46:48
"Moving on thru Araromi, Adealu, Paki and Iyana Dopemu inw Dopemu, Cement, Mangoro, Ile Zik and Ikeja Along is gd.",Positive,free flow,Adealu,2023-02-15,06:46:48
"Moving on thru Araromi, Adealu, Paki and Iyana Dopemu inw Dopemu, Cement, Mangoro, Ile Zik and Ikeja Along is gd.",Positive,free flow,Ile Zik,2023-02-15,06:46:48
"A container laden trailer has broken down at Conoil U-turn inw Igando Phase 1,",Positive,breakdown,Conoil,2023-02-15,07:24:24
"A loaded tanker has broken down at Abule Tailor inw Ijaiye, taking up a lane. ",Negative,breakdown,Abule Tailor,2023-02-15,07:30:44
"Traffic gd from Ajuwon Rd inw Elliot, Rogo Jnctn approaching Ishaga R/Abt.",Positive,free flow,Ajuwon Rd,2023-02-15,07:42:31
"Traffic gd from Ajuwon Rd inw Elliot, Rogo Jnctn approaching Ishaga R/Abt.",Positive,free flow,Elliot,2023-02-15,07:42:31
"Traffic gd from Ajuwon Rd inw Elliot, Rogo Jnctn approaching Ishaga R/Abt.",Positive,free flow,Rogo,2023-02-15,07:42:31
"Traffic gd from Ajuwon Rd inw Elliot, Rogo Jnctn approaching Ishaga R/Abt.",Positive,free flow,Ishaga,2023-02-15,07:42:31
A multiple accident has occurred at Ijaiye inw Abule Egba due to break failure.,Positive,breakdown,Ijaiye,2023-02-15,08:11:37
"A truck has broken down just by Mosley B/Stop on Gerard Rd inw Gerard R/Abt, taking up a lane thereby slowing down traffic",Negative,heavy traffic,Mosley B/Stop,2023-02-15,10:57:33
The earlier reported broken down truck at Ebute Police post intersection has been towed off the road,Negative,breakdown,Ebute Police post,2023-02-15,11:37:12
Ogba is slightly busy due to bstop activities and influx into Thomas Salako,Positive,heavy traffic,Ogba,2023-02-15,16:58:31
"Eleganza down to Etisalat, Mr Biggs to connect Wharf gate is good.  ",Positive,free flow,Eleganza,2023-02-15,17:03:50
"Eleganza down to Etisalat, Mr Biggs to connect Wharf gate is good.  ",Positive,free flow,Etisalat,2023-02-15,17:03:50
"Eleganza down to Etisalat, Mr Biggs to connect Wharf gate is good.  ",Positive,free flow,Mr Biggs,2023-02-15,17:03:50
"Eleganza down to Etisalat, Mr Biggs to connect Wharf gate is good.  ",Positive,free flow,Wharf gate,2023-02-15,17:03:50
Early morning rush out of Apapa through the Marine bridge to connect Iganmu and Ijora is also good to go.  ,Positive,free flow,Apapa,2023-02-16,05:55:38
"For now we are still enjoying free flow of traffic inward and outward of Carter bridge , while traffic from underneath ldumota bridge inward Eyin Eyo connecting Balogun is also street still looking good at this hour.",Positive,free flow,For,2023-02-16,06:00:34
"For now we are still enjoying free flow of traffic inward and outward of Carter bridge , while traffic from underneath ldumota bridge inward Eyin Eyo connecting Balogun is also street still looking good at this hour.",Positive,free flow,Carter bridge,2023-02-16,06:00:34
"For now we are still enjoying free flow of traffic inward and outward of Carter bridge , while traffic from underneath ldumota bridge inward Eyin Eyo connecting Balogun is also street still looking good at this hour.",Positive,free flow,ldumota bridge,2023-02-16,06:00:34
"For now we are still enjoying free flow of traffic inward and outward of Carter bridge , while traffic from underneath ldumota bridge inward Eyin Eyo connecting Balogun is also street still looking good at this hour.",Positive,free flow,Eyin Eyo,2023-02-16,06:00:34
Tinubu connecting Nnamdi Azikiwe street enroute Tom Jones intersection is equally good to go for now,Positive,free flow,Tinubu,2023-02-16,06:00:35
The return journey from Marwa back to Ajah is also good to go.,Positive,free flow,Marwa,2023-02-16,06:05:19
Evacuation is presently ongoing at the earlier reported accident scene at Igboefon,Positive,breakdown,Evacuation,2023-02-16,08:31:53
Movement from Odo Ogun down to Mile 12 is good to go.,Positive,free flow,Odo Ogun,2023-02-16,09:18:38
